Name,Rating,Customers Rated,Price
"Arctic Onyx Violin Kit - Violin 4/4 with case, bow & Rosin",3.7,578,"3,899"
"Kadence, Vivaldi 4/4 Violin With Bow, Rosin, Hard Case V001 (Black)",3.4,113,"3,999"
PAL MUSIC HOUSE 4/4 Violin With Case bow & Rosin(imported),3.3,196,"3,199"
PAL MUSIC HOUSE violin with case,3.5,88,"2,998"
"Kadence Vivaldi Violin VIV101 Solid Spruce Top, Maple Back (V101G)",4.0,47,"7,499"
"Kadence, Vivaldi 4/4 Violin With Bow, Rosin, Hard Case V001 (White)",3.4,27,"3,999"
"Juarez Legnò Full Size 4/4 Violin Kit, JRV100NT with Bow, Rosin, Fretboard Sticker, Mute, Bridge, Oblong Case, Natural",3.4,115,"3,479"
"JUAREZ Collé Violin Kit, Full Size 4/4 White Pine Top, Solid Maple Back & Sides, Jujube Pegs, Chinrest & Tailpiece with Hickory Wood Bow,Rosin, Full Tone Sticker, Mute, Bridge, Oblong Case, Dark Brown",4.0,9,"5,599"
Indian Maple Wood Handmade Violin 4/4 with Hard Case Bow And Rosin By SALABLEZ,4.0,3,"3,995"
"JUAREZ Legnò Violin Kit, Full Size 4/4 Hand-Carved Solid Spruce Top, Solid Maple Back & Sides, JRV212DB with Redwood Bow, Rosin, Full Tone Sticker, Mute, Bridge, Oblong Case, Dark Brown",3.7,11,"4,239"
Indian Maple Violin 4/4 with Hard Case Bow And Rosin (extra Bridge+string),3.0,11,"2,989"
"Taj Trader Violin Kit - Violin 4/4 with case, bow & Rosin",5.0,1,"2,999"
"Kadence Vivaldi Violin V100 Series With Bow, Rosin, Hard Case, String Set, 1 Mute Pad (V100S 1/2 Size)",5.0,2,"4,999"
"Violin for Beginner, 1/8 Size Violin Learner Beginners Kit with Bow + Lightweight Case + Rosin",2.1,2,"2,339"
"TECHBLAZE 4/4 Solid Wood Violin Hand Carved Full Size Violin Musical Instrument with Hard Case, Shoulder Rest, Bow, Rosin, Bridge & Extra Strings- Satin Antique Finish for Beginners and Kids Students",-,-,"4,149"
"Taj Trader 4/4 Violin With Bow, Rosin, Hard Case V001 (Black)",-,-,"3,280"
"TECHBLAZE Full Size 4/4 Solid Wood Violin Hand Carved Musical Instrument Violin for Beginners and Kids Students with Hard Case, Shoulder Rest, Bow, Rosin, Bridge & Extra Strings- Satin Antique Finish",2.2,4,"4,200"
Havana Violin full Size MV1412F with Case & Free Havana Shoulder Rest,3.9,22,"4,999"
SAI MUSICAL 4/4 violin with case,3.0,5,"3,200"
HEALLILY 5pcs Rubber Violin Practice Mute Round Tourte Style Musical Fiddle Viola Silencer for B26 Violin and Small Viola,-,-,825
"Kadence, Vivaldi 4/4 Violin With Bow, Rosin, Hard Case, Tuner V001-C (Red)",5.0,1,"4,499"
"Kadence, Vivaldi 4/4 Violin With Bow, Rosin, Hard Case V-001C Glossy",-,-,"3,999"
"Pro Craft Acoustic Violin PR VS1 Dark Natural With Hard Case, Bow and Rosin",4.0,1,"4,190"
"Sergio Tordini 4/4 Full Size Acoustic Violin With Bow, Rosin And Soft Case - STC 441",4.4,14,"8,700"
HEALLILY Violin Bow Sandalwood Wood Violin Bow Faux Horse Hair Violin Bow Instrument Accessory (Random Color),-,-,680.
"JUAREZ Legnò Violin Kit, Full Size 4/4 Hand-Carved Solid Spruce Top, Solid Maple Back & Sides, JRV212BK with Redwood Bow, Rosin, Full Tone Sticker, Mute, Bridge, Oblong Case, Onxy Black",3.6,30,"4,239"
Violin Store brushed steel Mute,5.0,1,399
"JUAREZ Legnò Violin Kit, Full Size 4/4 Hand-Carved Solid Spruce Top, Solid Maple Back & Sides, JRV212NT with Redwood Bow, Rosin, Full Tone Sticker, Mute, Bridge, Oblong Case, Natural",3.3,8,"4,239"
DEVICE OF URBAN INFOTECH 4/4 full size solid maple wooden violins musical instrument set with bow shoulder rest Violin Bridge Rosin & extra string vailin for beginners kids student & music classes,-,-,"4,197"
SG Musical - Violin Store Professional Carbon Fiber Black 4/4 Violin,1.3,4,890
BOOMBOX 4/4-3/4 violin shoulder rest,4.7,5,940
HEALLILY 2pcs Violin Shoulder Rest for 3/4 and 4/4 Size Sheepskin Shoulder Support Padding Shoulder Soft Violin Holder Mat Gift for Beginners Professionals (Coffee Color),-,-,-
"Pro Craft Acoustic Violin VA1 German Antique With Hard Case, Bow and Rosin",-,Only 1 left in stock.,"5,190"
"Kadence, Vivaldi 4/4 Violin With Bow, Rosin, Hard Case V001 (Blue)",4.6,3,"3,999"
"Miniature Violin Model, Wooden Mini Violin Model Display, Musical Ornament Craft Violin with a Black Case for Home Office Decor Birthday Gift (6.5 X 16 X 4cm)",5.0,1,-
"Kadence, Vivaldi 4/4 Violin With Bow, Rosin, Hard Case V001 (Red)",-,-,"3,999"
SALABLEZ Maple wood Violin Glossy 4/4 All Natural Parts Ebony With Horse Hair Bow Handcrafted,-,-,"5,490"
Haofy Mini Mahogany Violin Model (14 cm),-,-,-
"SALABLEZ 4/4 Violin/Behala with Hard Carry Box, Bow and Rosin (Brown/Cherry)",4.0,1,"5,390"
Honeytecs 10pcs Acoustic Violin Column Columna Sound-Post Sound Post Spruce 70mm for 4/4 & 3/4 Violin,5.0,1,769
Perlman Straight Brazilwood Octagonal Violin Bow Ebony Frog Horsehair Beef Tendons Twined Fiddle Violin Bows Violin Parts (1 Piece),1.0,1,"1,950"
ARTIBETTER 1/10 Horse Hair Violin Bow Replacement Red Sandalwood Violin Bow Well Balanced Practice Violin Bow for Beginner Student,-,-,716.
"SAI MUSICAL 4/4 Violin With Case, Bow and Rosin",-,Only 1 left in stock.,"3,400"
PAL MUSIC HOUSE® 5 string Violin Nylon Bow Rosin with Case,5.0,1,"4,299"
"Handcrafted Solid Wood Acoustic Handmade Behala/Violin Fiddle with Carrying Case, Rosin",2.7,3,"3,499"
ARTIBETTER Violin Mute Metal Violin Practice Silencer 3-Prong Fiddle Silencer Violin Accessories,-,-,743.
SAI MUSICAL Violin (Special Edition),2.9,4,"3,200"
"Kadence, Vivaldi 4/4 Violin With Bow, Rosin, Hard Case V-001R WINE RED",3.4,6,-
"Arctic Onyx Violin Kit - Violin 4/4 with case, bow & Rosin",3.7,578,"3,899"
"Kadence, Vivaldi 4/4 Violin With Bow, Rosin, Hard Case V001 (Black)",3.4,113,"3,999"
PAL MUSIC HOUSE 4/4 Violin With Case bow & Rosin(imported),3.3,196,"3,199"
PAL MUSIC HOUSE violin with case,3.5,88,"2,998"
"Kadence Vivaldi Violin VIV101 Solid Spruce Top, Maple Back (V101G)",4.0,47,"7,499"
"Kadence, Vivaldi 4/4 Violin With Bow, Rosin, Hard Case V001 (White)",3.4,27,"3,999"
"Juarez Legnò Full Size 4/4 Violin Kit, JRV100NT with Bow, Rosin, Fretboard Sticker, Mute, Bridge, Oblong Case, Natural",3.4,115,"3,479"
"JUAREZ Collé Violin Kit, Full Size 4/4 White Pine Top, Solid Maple Back & Sides, Jujube Pegs, Chinrest & Tailpiece with Hickory Wood Bow,Rosin, Full Tone Sticker, Mute, Bridge, Oblong Case, Dark Brown",4.0,9,"5,599"
Indian Maple Wood Handmade Violin 4/4 with Hard Case Bow And Rosin By SALABLEZ,4.0,3,"3,995"
"JUAREZ Legnò Violin Kit, Full Size 4/4 Hand-Carved Solid Spruce Top, Solid Maple Back & Sides, JRV212DB with Redwood Bow, Rosin, Full Tone Sticker, Mute, Bridge, Oblong Case, Dark Brown",3.7,11,"4,239"
Indian Maple Violin 4/4 with Hard Case Bow And Rosin (extra Bridge+string),3.0,11,"2,989"
"Taj Trader Violin Kit - Violin 4/4 with case, bow & Rosin",5.0,1,"2,999"
"Kadence Vivaldi Violin V100 Series With Bow, Rosin, Hard Case, String Set, 1 Mute Pad (V100S 1/2 Size)",5.0,2,"4,999"
"Violin for Beginner, 1/8 Size Violin Learner Beginners Kit with Bow + Lightweight Case + Rosin",2.1,2,"2,339"
"TECHBLAZE 4/4 Solid Wood Violin Hand Carved Full Size Violin Musical Instrument with Hard Case, Shoulder Rest, Bow, Rosin, Bridge & Extra Strings- Satin Antique Finish for Beginners and Kids Students",-,-,"4,149"
"Taj Trader 4/4 Violin With Bow, Rosin, Hard Case V001 (Black)",-,-,"3,280"
"TECHBLAZE Full Size 4/4 Solid Wood Violin Hand Carved Musical Instrument Violin for Beginners and Kids Students with Hard Case, Shoulder Rest, Bow, Rosin, Bridge & Extra Strings- Satin Antique Finish",2.2,4,"4,200"
Havana Violin full Size MV1412F with Case & Free Havana Shoulder Rest,3.9,22,"4,999"
SAI MUSICAL 4/4 violin with case,3.0,5,"3,200"
HEALLILY 5pcs Rubber Violin Practice Mute Round Tourte Style Musical Fiddle Viola Silencer for B26 Violin and Small Viola,-,-,825
"Kadence, Vivaldi 4/4 Violin With Bow, Rosin, Hard Case, Tuner V001-C (Red)",5.0,1,"4,499"
"Kadence, Vivaldi 4/4 Violin With Bow, Rosin, Hard Case V-001C Glossy",-,-,"3,999"
"Pro Craft Acoustic Violin PR VS1 Dark Natural With Hard Case, Bow and Rosin",4.0,1,"4,190"
"Sergio Tordini 4/4 Full Size Acoustic Violin With Bow, Rosin And Soft Case - STC 441",4.4,14,"8,700"
HEALLILY Violin Bow Sandalwood Wood Violin Bow Faux Horse Hair Violin Bow Instrument Accessory (Random Color),-,-,680.
"JUAREZ Legnò Violin Kit, Full Size 4/4 Hand-Carved Solid Spruce Top, Solid Maple Back & Sides, JRV212BK with Redwood Bow, Rosin, Full Tone Sticker, Mute, Bridge, Oblong Case, Onxy Black",3.6,30,"4,239"
Violin Store brushed steel Mute,5.0,1,399
"JUAREZ Legnò Violin Kit, Full Size 4/4 Hand-Carved Solid Spruce Top, Solid Maple Back & Sides, JRV212NT with Redwood Bow, Rosin, Full Tone Sticker, Mute, Bridge, Oblong Case, Natural",3.3,8,"4,239"
DEVICE OF URBAN INFOTECH 4/4 full size solid maple wooden violins musical instrument set with bow shoulder rest Violin Bridge Rosin & extra string vailin for beginners kids student & music classes,-,-,"4,197"
SG Musical - Violin Store Professional Carbon Fiber Black 4/4 Violin,1.3,4,890
BOOMBOX 4/4-3/4 violin shoulder rest,4.7,5,940
HEALLILY 2pcs Violin Shoulder Rest for 3/4 and 4/4 Size Sheepskin Shoulder Support Padding Shoulder Soft Violin Holder Mat Gift for Beginners Professionals (Coffee Color),-,-,-
"Pro Craft Acoustic Violin VA1 German Antique With Hard Case, Bow and Rosin",-,Only 1 left in stock.,"5,190"
"Kadence, Vivaldi 4/4 Violin With Bow, Rosin, Hard Case V001 (Blue)",4.6,3,"3,999"
"Miniature Violin Model, Wooden Mini Violin Model Display, Musical Ornament Craft Violin with a Black Case for Home Office Decor Birthday Gift (6.5 X 16 X 4cm)",5.0,1,-
"Kadence, Vivaldi 4/4 Violin With Bow, Rosin, Hard Case V001 (Red)",-,-,"3,999"
SALABLEZ Maple wood Violin Glossy 4/4 All Natural Parts Ebony With Horse Hair Bow Handcrafted,-,-,"5,490"
Haofy Mini Mahogany Violin Model (14 cm),-,-,-
"SALABLEZ 4/4 Violin/Behala with Hard Carry Box, Bow and Rosin (Brown/Cherry)",4.0,1,"5,390"
Honeytecs 10pcs Acoustic Violin Column Columna Sound-Post Sound Post Spruce 70mm for 4/4 & 3/4 Violin,5.0,1,769
Perlman Straight Brazilwood Octagonal Violin Bow Ebony Frog Horsehair Beef Tendons Twined Fiddle Violin Bows Violin Parts (1 Piece),1.0,1,"1,950"
ARTIBETTER 1/10 Horse Hair Violin Bow Replacement Red Sandalwood Violin Bow Well Balanced Practice Violin Bow for Beginner Student,-,-,716.
"SAI MUSICAL 4/4 Violin With Case, Bow and Rosin",-,Only 1 left in stock.,"3,400"
PAL MUSIC HOUSE® 5 string Violin Nylon Bow Rosin with Case,5.0,1,"4,299"
"Handcrafted Solid Wood Acoustic Handmade Behala/Violin Fiddle with Carrying Case, Rosin",2.7,3,"3,499"
ARTIBETTER Violin Mute Metal Violin Practice Silencer 3-Prong Fiddle Silencer Violin Accessories,-,-,743.
SAI MUSICAL Violin (Special Edition),2.9,4,"3,200"
"Kadence, Vivaldi 4/4 Violin With Bow, Rosin, Hard Case V-001R WINE RED",3.4,6,-
