,PRICE,BUILD YEAR,ODO,MODEL,LOC,CITY
0,"2,80,000",2013,"70,000 km",Chevrolet Sail 2013 Diesel,SARASWATI VIHAR,DELHI
1,"65,000",2006,"70,000 km",Hyundai Santro Xing 2006 Petrol,KHAN,MUMBAI
2,"4,35,000",2021,"1,883 km","Maruti Suzuki S-Presso VXI, 2021, Petrol",KOTTAM,ETTUMANOOR
3,"1,90,000",2014,"20,000 km",Maruti Suzuki Alto 800 2014 Petrol Well Maintained,CHANDA NAGAR,HYDERABAD
4,"2,95,000",2012,"99,800 km","Maruti Suzuki Swift 2011-2014 VDI, 2012, Diesel",GOTANAGAR,GUWAHATI
5,"2,95,000",2017,"18,000 km","Leader mating,3D mat, music system, front power window, all original",MALLANWALA KHASS,PUNJAB
6,"7,75,000",2015,"58,000 km","Hyundai Elantra 1.6 SX Option, 2015, Diesel",GHAZIABAD,UTTAR PRADESH
7,"4,35,000",2015,"85,300 km",Maruti Suzuki Swift 2015 Diesel 85300 Km Driven,VADWALI,CHANGANACHERI
8,"2,80,000",2014,"49,000 km","Maruti Suzuki Celerio 2014-2017 VXI, 2014, CNG & Hybrids",ROHINI SECTOR 3,DELHI
9,"48,000",2000,"62,221 km","Maruti Suzuki 800 Std BSIII, 2000, Petrol",PUTHENPAALAM,THIRUVANANTHAPURAM
10,"2,00,000",2000,"222,500 km",Toyota Qualis 2000 Diesel Well Maintained,KANDESHORAM,IRINJALAKUDA
11,"2,00,000",2011,"68,000 km",Maruti Suzuki Wagon R 2011 Petrol 68000 Km Driven,B TYPE QUARTERS,CHURI
12,"2,85,000",2011,"60,000 km","Volkswagen Vento 2010-2013 Petrol Comfortline, 2011, Petrol",DEFENCE COLONY,DELHI
13,"6,80,000",2013,"71,635 km",Hyundai Elantra Petrol Automatic Well Maintained,POWAI,MUMBAI
14,"2,05,000",2009,"54,000 km","Maruti Suzuki Swift Dzire VXI Optional, 2009, Petrol",TILAK NAGAR,DELHI
15,"25,50,000",2017,"87,000 km","Ford Endeavour 3.2 Titanium AT 4X4, 2017, Diesel",SRI MUKTSAR SAHIB,PUNJAB
16,"75,000",2006,"9,000 km",Tata Indigo 2006 Diesel 9000 Km Driven,JATH MIDC,JATH
17,ATURED,"₹ 7,",000,"2013 - 78,000 km",Toyota Innova 2.5 V 7 STR,2013
18,ATURED,"₹ 8,",000,"2016 - 45,002 km",Maruti Suzuki Vitara Brezza ZDi Plus,2016
19,"2,80,000",2011,"999,999 km",Mahindra Xylo 2011 Diesel,CHAKRAPANI NAGAR,NAGPUR
20,"3,50,000",2010,"90,000 km",Hyundai i10 2010 Petrol,ARIF COLONY,AURANGABAD
21,"3,50,000",2016,"92,000 km",Tata Tiago 2016,JAJPUR,BYASANAGAR
22,"3,10,000",2018,"65,000 km",Maruti Suzuki Omni 2018 Petrol 65000 Km Driven,ARIFPUR NAVADA,BADAUN INDUSTRIAL AREA
23,"1,25,000",2007,"98,000 km",Maruti Suzuki Zen Estilo 2007 Petrol 98000 Km Driven,DADABARI,KOTA
24,"3,50,000",2009,"200,000 km",Mahindra Scorpio 2009 Diesel 200000 Km Driven,SILTARA,LORMI
25,"45,000",2000,"80,000 km",Maruti Suzuki Zen 2000 Petrol 80000 Km Driven,VRINDAVAN COLONY,RAIGARH
26,"8,75,000",2018,"30,000 km",Maruti Suzuki Vitara Brezza 2018 Diesel 30000 Km Driven,CHANDLODIA VILLAGE,AHMEDABAD
27,"2,75,000",2016,"65,000 km","Renault KWID 1.0 RXL, 2016, Petrol",ANCHAL,KOLLAM
28,"1,35,000",2010,"78,000 km",Tata Indigo Ecs 2010 Diesel 78000 Km Driven,ULLAN,JAMSHEDPUR
29,"4,45,000",2014,"54,000 km","Nissan Terrano XL D THP 110 PS, 2014, Diesel",PITAMPURA,DELHI
30,"2,25,000",2012,"52,000 km",Single handed used,RAMPURI,MUZAFFARNAGAR
31,"2,20,000",2010,"87,000 km","Mitsubishi Lancer 2.0 L Diesel LX, 2010, Diesel",JAWADDI CHHOTI,LUDHIANA
32,"9,10,000",2012,"168,937 km","Toyota Innova 2.5 EV PS 7 STR BS-III, 2012, Diesel",TRICHY CITY,TIRUCHIRAPPALLI
33,"7,50,000",2014,"87,000 km","Toyota Innova 2.5 GX (Diesel) 7 Seater BS IV, 2014, Diesel",JAWADDI CHHOTI,LUDHIANA
34,"5,35,000",2015,78000.0 km,"Maruti Suzuki Ertiga ZDI, 2015, Diesel",JAWADDI CHHOTI,LUDHIANA
35,ATURED,₹ 52,",000",2019 - 33900.0 km,Mercedes-Benz E-Class Exclusive E 220 d,2019
36,ATURED,"₹ 3,",000,"2013 - 69,500 km",Ford Fiesta Classic Others,2013
37,ATURED,₹ 45,",000","2016 - 42,600 km",Audi Q7 3.0 TDI quattro,2016
38,"10,00,000",2015,"90,000 km",Mahindra Scorpio 2015 Diesel,NEW AMRITSAR COLONY,AMRITSAR
39,"3,50,000",2009,"120,000 km",Skoda Laura 2009 Diesel,GURU NANAK NAGAR,PUNE
40,"2,60,000",2013,"50,000 km","Maruti Suzuki Alto K10 VXI, 2013, Petrol",JAWADDI CHHOTI,LUDHIANA
41,"3,29,000",2016,"59,000 km",Hyundai i10 2016 Sportz 1.1,BUDH BAZAR,MORADABAD
42,"70,000",1996,"115,000 km","Tata Sumo, 1996, Diesel",ASHOK NAGAR,BELAGAVI
43,"5,50,000",2009,"148,000 km","Toyota Innova 2.5 V 8 STR, 2009, Diesel",GOREGAON WEST,MUMBAI
44,"4,20,000",2014,"30,000 km","Ford Ecosport 1.0 Ecoboost Titanium Plus BE, 2014, Petrol",BYCULLA,MUMBAI
45,"2,85,000",2010,"82,000 km","Hyundai i10 Asta Sunroof AT, 2010, Petrol",ANDHERI WEST,MUMBAI
46,"1,45,000",2008,"95,000 km","Hyundai Verna Transform 1.5 CRDi, 2008, Diesel",BORIVALI WEST,MUMBAI
47,"2,99,000",2012,"50,000 km",Mahindra Xylo 2012 Diesel Well Maintained,BHARAT NAGAR,PATHANKOT
48,"4,80,000",2015,"53,000 km","Maruti Suzuki Swift Dzire Vdi BSIV, 2015, Diesel",SATYA NAGAR,SURAT
49,"14,45,000",2016,"74,500 km","Toyota Innova Crysta 2.4 GX MT 8S, 2016, Diesel",SHAKESPEARE SARANI ROAD,KOLKATA
50,"4,85,000",2018,"35,000 km","Hyundai Grand i10 1.2 Kappa Sportz, 2018, Petrol",MODEL TOWN,JALANDHAR
51,"4,49,000",2015,"73,000 km","Maruti Suzuki Swift VDI, 2015, Diesel",SECTOR 37,GURGAON
52,"2,80,000",2018,"45,000 km","Maruti Suzuki Alto 800 LXI, 2018, Petrol",CHANDLODIA,AHMEDABAD
53,"5,25,000",2013,"69,000 km","Mahindra Scorpio 2009-2014 VLX 2WD AT BSIV, 2013, Diesel",SION EAST,MUMBAI
54,"5,60,000",2017,"100,000 km","Maruti Suzuki Swift Dzire ZXI Plus , 2017, Petrol",MALAPPURAM UP HILL,MALAPPURAM
55,ATURED,"₹ 3,",000,"2015 - 75,059 km",Toyota Etios Liva 1.4 GD,2015
56,ATURED,"₹ 1,",000,"2007 - 54,000 km",Maruti Suzuki Wagon R VXI,2007
57,ATURED,"₹ 7,",000,"2018 - 81,000 km",Maruti Suzuki Swift Dzire VDI,2018
58,"1,20,000",2015,"70,000 km",Tata Indigo CS 2015 Diesel,INDRAPUR,PATNA
59,"2,70,000",2017,"50,000 km",Mahindra Scorpio 2017 Diesel,DANAPUR,PATNA
60,"6,90,000",2018,"25,000 km","Toyota Etios Liva 1.2 VX, 2018, Petrol",KUTTILORE,VENGARA
61,"3,10,000",2013,"37,000 km","Volkswagen Vento 1.6 Comfortline, 2013, Petrol",KIRTI NAGAR,DELHI
62,"2,90,000",2012,"151,000 km","Maruti Suzuki Ritz VDi, 2012, Diesel",KUTTILORE,VENGARA
63,"8,15,000",2017,"62,000 km","Volkswagen Polo GT TSI, 2017, Petrol",THRISSUR,KERALA
64,"4,50,000",2012,"73,000 km","Mahindra Scorpio 2002-2013 Vlx BS-IV, 2012, Diesel",SUBHASH NAGAR,DELHI
65,"85,000",2004,"168,000 km","Maruti Suzuki Zen LXI, 2004, Petrol",ANGADIPURAM,PERINTHALMANNA
66,"5,75,000",2016,"20,000 km","Maruti Suzuki Swift Dzire AMT ZDI, 2016, Diesel",NARANPURA,AHMEDABAD
67,"19,50,000",2016,"60,000 km","Mercedes-Benz CLA 200 CDI Sport, 2016, Diesel",DECCAN,PUNE
68,"23,50,000",2015,"12,000 km","Mercedes-Benz New C-Class C 220 CDI Avantgarde, 2015, Diesel",DECCAN,PUNE
69,"9,90,000",2019,"74,000 km","Ford Ecosport, 2019, Diesel",GANESH NAGAR,NAGPUR
70,"3,90,000",2009,"60,000 km","Mitsubishi Outlander 2.4 MIVEC, 2009, Petrol",SAROJINI NAGAR,DELHI
71,"9,50,000",2008,"55,000 km","Porsche Cayenne Turbo S, 2008, Petrol",SAROJINI NAGAR,DELHI
72,"7,45,000",2009,"117,000 km","Audi A4 2008-2014 New 2.0 TDI Multitronic, 2009, Diesel",LOKHANDWALA COMPLEX,MUMBAI
73,"6,45,000",2017,"22,000 km","Honda Jazz 1.2 S i VTEC, 2017, Petrol",HSR LAYOUT,BENGALURU
74,"3,45,000",2011,"65,000 km","Honda City 2008-2011 1.5 S MT, 2011, Petrol",LOKHANDWALA COMPLEX,MUMBAI
75,ATURED,₹ 13,",000","2015 - 56,000 km",Mitsubishi Pajero Sport 4X2 Automatic,2015
76,ATURED,₹ 21,",000","2018 - 38,000 km",Toyota Innova Crysta 2.4 VX MT,2018
77,ATURED,₹ 14,9,Car Stereo Player with 4G Sim connectivity,GANIPARA COLONY,DURG
78,"5,50,000",2019,"50,000 km",Maruti Suzuki Swift Dzire 2019 Diesel,CHAMAN VIHAR,DEHRADUN
79,"90,000",2003,"70,000 km",Honda City 2003 Petrol,KAROD KALAN,BHOPAL
80,"2,05,000",2009,"88,000 km","Maruti Suzuki Alto 2005-2010 LXi BSIII, 2009, Petrol",KAVETTIPATTI,NAMAKKAL
81,"7,77,000",2018,"81,272 km","Ford Ecosport Titanium 1.5 TDCi (Opt), 2018, Diesel",NANA VARACHHA,SURAT
82,"4,75,000",2015,"61,080 km","Hyundai Fluidic Verna 1.6 CRDi SX Automatic, 2015, Diesel",NANA VARACHHA,SURAT
83,"3,75,000",2015,"40,000 km","Maruti Suzuki Alto 800 2012-2016 VXI, 2015, Petrol",THINDAL MALAI,ERODE
84,"40,000",2002,1 km,"Tata Indica DLE - BSII, 2002, Diesel",CALICUT AIRPORT,KOZHIKODE
85,"1,85,000",2008,"88,000 km","Skoda Laura 1.9 TDI MT Ambiente, 2008, Diesel",CALICUT AIRPORT,KOZHIKODE
86,"1,15,000",2007,"85,000 km","Maruti Suzuki 800 AC BSII, 2007, Petrol",KAMATCHI PURAM,TIRUPPUR
87,"7,90,000",2017,"83,000 km","Mahindra XUV500 W6 2WD, 2017, Diesel",CALICUT AIRPORT,KOZHIKODE
88,"3,80,000",2012,"100,000 km","Maruti Suzuki Swift 2011-2014 VDI, 2012, Diesel",ATTAPUR,HYDERABAD
89,"1,65,000",2007,1 km,"Mahindra Scorpio 2002-2013 2.6 CRDe, 2007, Diesel",CALICUT AIRPORT,KOZHIKODE
90,"6,80,000",2011,"230,000 km","Toyota Innova 2.5 V 8 STR, 2011, Diesel",CALICUT AIRPORT,KOZHIKODE
91,"3,10,000",2013,"37,000 km","Volkswagen Vento 1.6 Comfortline, 2013, Petrol",PREET VIHAR,DELHI
92,"5,40,000",2014,43000.0 km,"Honda City i-VTEC SV, 2014, Petrol",ROHINI,DELHI
93,"72,50,000",2019,"- 1,500 km","BMW X5 xDrive 30d, 2019, Diesel",SECTOR 8B,CHANDIGARH
94,"5,70,000",2019,"13,000 km","Maruti Suzuki Swift 2018 LXI, 2019, Petrol",AYYANTHOLE,THRISSUR
95,ATURED,"₹ 3,",000,"2018 - 36,000 km",Maruti Suzuki Alto K10 VXI,2018
96,ATURED,"₹ 2,",000,"2013 - 88,283 km",Volkswagen Vento 1.6 Highline,2013
97,ATURED,"₹ 7,",000,"2018 - 70,000 km",Maruti Suzuki Vitara Brezza VDi AMT,2018
98,"1,30,000",2011,"70,000 km",Volkswagen Polo 2011 Diesel,GURU HARKISHAN NAGAR,DELHI
99,"4,00,000",2014,"80,000 km",Volkswagen Polo 2014 Diesel,CHIKHLI,PUNE
100,"1,65,000",2008,"80,000 km","Maruti Suzuki Swift VXI, 2008, Petrol",DILSHAD GARDEN,DELHI
101,"79,00,000",2018,"22,000 km","Audi Q7 45 TDI Quattro Premium Plus, 2018, Diesel",SRI NAGAR COLONY,HYDERABAD
102,"19,75,000",2012,"64,000 km","Jaguar XF 3.0 Litre S Premium Luxury, 2012, Diesel",HBR LAYOUT,BENGALURU
103,"1,95,000",2011,"64,062 km","Maruti Suzuki Alto K10 LXI, 2011",PALARIVATTOM,KOCHI
104,"4,35,000",2015,"53,963 km","Maruti Suzuki Celerio 2014-2017 ZXI, 2015",PALARIVATTOM,KOCHI
105,"4,00,000",2015,"53,301 km","Maruti Suzuki Celerio VXI AMT, 2015",PALARIVATTOM,KOCHI
106,"1,75,000",2007,"83,000 km","Maruti Suzuki Wagon R Duo LXi LPG, 2007, Petrol",ATTAPUR RING ROAD,HYDERABAD
107,"2,65,000",2011,"61,180 km","Nissan Micra XV D, 2011",PALARIVATTOM,KOCHI
108,"4,35,000",2017,"67,000 km","Hyundai Grand i10 Magna 1.1 CRDi, 2017",PALARIVATTOM,KOCHI
109,"7,70,000",2016,"68,000 km","Honda City i-DTEC VX, 2016, Diesel",NAYAPALI NUASAHI,BHUBANESHWAR
110,"5,45,000",2017,"63,000 km","Maruti Suzuki Swift VDI, 2017, Diesel",FRIENDS COLONY,NAGPUR
111,"4,15,000",2019,"28,000 km","Renault KWID 1.0 RXT, 2019, Petrol",CENTRAL TOWN,JALANDHAR
112,"4,75,000",2019,"41,137 km","Maruti Suzuki Celerio VXI MT, 2019, Petrol",KOTTAM,ETTUMANOOR
113,"12,50,000",2012,"87,000 km","BMW 5 Series 2010-2013 520d Sedan, 2012, Diesel",MANI NAGAR,AHMEDABAD
114,"2,80,000",2012,"150,000 km",Ford Figo 2012 Diesel Well Maintained,SILVER CITY EXTENSION,ZIRAKPUR
115,ATURED,"₹ 7,",999,"2015 - 138,000 km",Honda City i-DTEC VX,2015
116,ATURED,"₹ 5,",000,"2016 - 40,258 km",Hyundai Grand i10 1.2 Kappa Sportz Option,2016
117,ATURED,"₹ 4,",000,"2014 - 35,000 km",Hyundai Xcent SX 1.2 (O),2014
118,"5,21,000",2012,"120,000 km",Mahindra Scorpio 2012 Diesel,VITHAI NAGAR,NASHIK
119,"90,000",2013,"82,000 km",Tata 2013 magic,MARHAURA,BIHAR
120,"87,777",2009,"1,200 km","Tata Others, 2009, Diesel",POONAMALLEE,CHENNAI
121,"85,000",2007,"70,000 km",Hyundai Santro Xing 2007 Petrol 70000 Km Driven,AWAS VIKAS COLONY,AMROHA
122,"5,10,000",2015,"8,056 km",Mahindra Jeep 2015 Diesel 8056 Km Driven,MIRPUR COLONY,PATHANKOT
123,"1,30,000",2010,"57,000 km",Alto LXi 2010 well maintained,ERUMELY,KOTTAYAM
124,"1,20,000",2007,"95,000 km",Maruti Suzuki Alto 2007,KATHWARI 594,NAGROTA BAGWAN
125,"8,90,000",2019,"10,000 km","Maruti Suzuki Ciaz Smart Hybrid Zeta, 2019, Petrol",ROHINI,DELHI
126,"6,99,000",2017,"15,000 km","Maruti Suzuki Ciaz Alpha, 2017, Petrol",ROHINI,DELHI
127,"9,99,999",2015,"150,000 km","Mahindra XUV500 W10 2WD, 2015, Diesel",KANDIVALI WEST,MUMBAI
128,"7,99,999",2017,"50,000 km","Maruti Suzuki Ertiga SHVS VDI, 2017, Diesel",BYCULLA,MUMBAI
129,"62,500",2018,"19,985 km","Other Brands Others, 2018, Petrol",ERNAD,MANJERI
130,"1,80,000",2005,"100,000 km",Ambassador 2005 Diesel Good Condition,PADIL,MANGALURU
131,"11,40,000",2018,"41,000 km","Hyundai Fluidic Verna 1.6 CRDi SX Automatic, 2018, Diesel",ASHOK VIHAR,DELHI
132,"2,30,000",2013,"160,000 km",Sell my tata acr,BALWANT COLONY,AKOLA
133,"34,00,000",2019,"20,000 km",Ford Endeavour (3.2 L AT 4×4),SECTOR 49A,CHANDIGARH
134,"5,25,000",2013,"140,520 km",Skoda Laura 2013 Diesel 140520 Km DrivenGood condition insurance live,ARIYANKUPPAM,PUDUCHERRY
135,ATURED,"₹ 3,",000,"2012 - 38,000 km",Hyundai Verna 2011-2014 1.6 CRDi EX MT,2012
136,ATURED,"₹ 7,",400,"2017 - 67,666 km",Maruti Suzuki Vitara Brezza ZDi Plus Dual Tone,2017
137,ATURED,₹ 55,",000",2015 - 19800.0 km,Mercedes-Benz S-Class S 350 CDI,2015
138,"1,87,000",2010,"120,000 km",Hyundai i10 2010 CNG & Hybrids,INDRAPRASTHA NAGAR,RAJKOT
139,"2,60,000",2014,"90,000 km",Maruti Suzuki Ritz 2014 Diesel,MANGLAPURI,DELHI
140,"5,85,000",2014,"56,000 km","Honda City 2014-2015 i VTEC CVT SV, 2014, Petrol",DEFENCE COLONY,DELHI
141,"5,00,000",2017,"500,000 km",Mahindra Bolero 2017 ii Diese11000Km Driven,ARYA THURI,NORTH GUWAHATI
142,"5,50,000",2017,"64,000 km","Nissan Sunny XV CVT, 2017, Petrol",SHAHDARA,DELHI
143,"65,000",2005,1 km,Maruti Suzuki Zen 2005 Petrol 1 Km Driven,ZAMIN UTHUKULI UTHUKULI,ZAMIN UTHUKULI
144,"4,10,000",2013,"95,600 km",Renault Scala 2013 Diesel 95600 Km Driven,SRI NAGAR,HOSUR
145,"4,11,000",2014,"69,000 km",Maruti Suzuki Swift 2014 Diesel 69000 Km Driven,MADHUBAN COLONY,JODHPUR
146,"10,50,000",2021,"29,800 km","Hyundai i20 1.4 Asta Option, 2021, Diesel",SRI MUKTSAR SAHIB,PUNJAB
147,"65,000",2010,"129,000 km",Tata Indica V2 2010 Diesel 129000 Km Driven,PONNIAMMANMEDU VGP SANTOSH NAGAR,CHENNAI
148,"1,20,000",2007,"61,000 km",Maruti Suzuki Wagon R 2007,KHAN ALAMPURA,SAHARANPUR
149,"12,95,000",2020,"25,000 km","Hyundai Creta Facelift, 2020, Diesel",SRI MUKTSAR SAHIB,PUNJAB
150,"5,50,000",2020,"25,000 km",Renault Triber 2020 Petrol Good Condition,CHHIPALI,NAGARI
151,ATURED,"₹ 1,",000,"2011 - 31,452 km",Chevrolet Beat 2010-2013 Diesel LT,2011
152,"2,75,000",2013,"85,000 km",Good condition Force One 2013 model,AJABPUR KALAN,DEHRADUN
153,"3,99,000",2012,"61,000 km","Maruti Suzuki Swift Dzire 1.2 Vxi BSIV, 2012, Petrol",KHARADI,PUNE
154,ATURED,"₹ 2,",000,"2013 - 65,631 km",Hyundai i10 Magna,2013
155,ATURED,"₹ 5,",000,"2016 - 59,596 km",Maruti Suzuki Swift VXI,2016
156,ATURED,"₹ 6,",000,"2015 - 38,203 km",Hyundai Elite i20 Asta 1.4 CRDI,2015
157,"6,50,000",2018,"90,000 km",Hyundai i20 2018 Petrol,MATHER NAGAR,KOCHI
158,"2,20,000",2012,"21,000 km",Ford Figo 2012 Petrol,CHANDER VIHAR,DELHI
159,"4,78,000",2013,"112,000 km","Hyundai Verna 2011-2014 1.6 SX CRDI (O) AT, 2013, Diesel",GHATKOPAR WEST,MUMBAI
160,"2,95,000",2011,"106,000 km",Maruti suzuki Ritz,SAVITRUPET,TADEPALLIGUDEM
161,"87,777",2008,"65,000 km","Tata Others, 2008, Diesel",POONAMALLEE,CHENNAI
162,"9,70,000",2010,"166,000 km",Toyota Fortuner 2010 Diesel 166000 Km Driven,YS NAGAR,KADAPA
163,"4,80,000",2011,"90,000 km",Ford Endeavour 2011 Diesel Good Condition,CHOTI HAIBOWAL,LUDHIANA
164,"3,65,000",2011,"56,000 km","Hyundai Verna VTVT 1.6 EX, 2011, CNG & Hybrids",NARELA,DELHI
165,"2,70,000",2014,"50,000 km",Maruti Suzuki 800 2014 Petrol 50000 Km Driven,KAMSAR,PUNCH
166,"1,80,000",2010,"87,000 km",Maruti Suzuki Eeco 2010,ALISARY,ALAPPUZHA
167,"55,000",2009,"85,000 km",Tata Indica 2012 Diesel Well Maintained,VENKATESWARA COLONY,ONGOLE
168,"3,80,000",2013,"80,000 km",Mahindra Scorpio 2013 Diesel 80000 Km Driven,ARDEE CITY,GURGAON
169,"1,55,000",2011,"40,000 km",Ok condition v,KHORA,NOIDA
170,"2,25,000",2014,"36,985 km",SINGLE OWNER,RAMPURA,UTTAR PRADESH
171,"1,50,000",2013,"45,000 km",Good condition beat lt,NEW RAJENDRA NAGAR,RAIPUR
172,"7,95,000",2020,"11,325 km","Tata Altroz XZ, 2020, Petrol",KOTTAM,ETTUMANOOR
173,ATURED,"₹ 2,",000,"2012 - 50,000 km",Hyundai EON D Lite Plus,2012
174,ATURED,₹ 97,",000","2021 - 1,200 km",Audi RS5 Coupe,2021
175,ATURED,"₹ 5,",000,2018 - 70000.0 km,Ford Ecosport 1.5 Diesel Trend Plus,2018
176,"1,90,000",2015,"90,000 km",Maruti Suzuki Wagon R 2015 CNG & Hybrids,GANGA VIHAR,DELHI
177,"2,30,000",2009,"200,000 km",Maruti Suzuki Swift Dzire 2009 Diesel,VISHVESHWAR NAGAR,MUMBAI
178,"9,30,000",2014,"66,000 km",Mercedes-Benz A Class 2014 Diesel 66000 Km Driven,BANJARA HILLS,HYDERABAD
179,"1,45,000",2020,"8,500 km",Urgent sale,ADDA GUTTA LOHIYA NAGAR,SECUNDERABAD
180,"65,000",2009,"100,000 km",Tata Indica 2009,CHANDRANAGAR,PALAKKAD
181,"1,65,000",2019,"30,000 km",2019/2020 TVS KING CNG AUTO RICKSHAW..,MONGAM,MALAPPURAM
182,"2,10,000",2011,"97,000 km",Maruti Suzuki Wagon R 1.0 2011 CNG & Hybrids 99000 Km Driven,MAGADUMPURA,VIJALPOR
183,"2,85,000",2017,"40,000 km","Hyundai EON Era Plus Option, 2017, Petrol",BADI HAIBOWAL,LUDHIANA
184,"2,20,000",2009,"108,000 km",Chevrolet Optra Magnum 2009 Diesel Well Maintained,CHANDRANAGAR,PALAKKAD
185,"1,25,000",2011,"80,500 km",Old good condition,ADARSH NAGAR NEAR RANG PURA,ALLAHABAD
186,"3,75,000",2014,"104,000 km",Hyundai i20 2014 Diesel Good Condition,THILLAI NAGAR,TIRUCHIRAPPALLI
187,"7,90,000",2021,"2,000 km",Maruti Suzuki Swift 2021 Petrol Well Maintained,FRIENDS COLONY,AMRITSAR
188,"2,95,000",2010,"37,000 km",Hyundai i20 2010 Petrol 37000 Km Driven,KAKOWAL,LUDHIANA
189,"3,00,000",2012,"133,000 km","Maruti Suzuki Swift 2011-2014 Star VDI, 2012, Diesel",ROHINI SECTOR 3,DELHI
190,"70,000",2007,"105,000 km",Maruti Suzuki Wagon R 2007,SANKARANELLUR,MANGATTIDAM
191,"2,50,000",2004,"180,000 km",Honda crv 2004,KAMAL VIHAR VISTAR,JAIPUR
192,ATURED,"₹ 4,",000,"2014 - 97,142 km",Honda City 2014-2015 i VTEC SV,2014
193,ATURED,"₹ 9,",000,2015 - 36000.0 km,Mahindra XUV500 W10 2WD,2015
194,ATURED,"₹ 6,",000,"2019 - 45,000 km",Maruti Suzuki Swift Dzire Tour Others,2019
195,"98,000",2005,"70,000 km",Maruti Suzuki Zen 2005 Petrol,SG ENCLAVE NAUSHEHRA,AMRITSAR
196,"3,70,000",2012,"70,000 km",Maruti Suzuki Swift Dzire 2012 Petrol,KATRAJ KONDHWA ROAD,PUNE
197,"9,50,000",2015,"92,000 km",Hyundai Creta 2015 Petrol 92000 Km Driven,BRIJ VIHAR,ETAWAH
198,"1,90,000",2010,"100,000 km",Maruti Suzuki Wagon R 2010 CNG & petrol 100000 Km Driven,CHAMPAWADI STREET,BANSDA
199,"98,000",2008,"80,500 km",Hyundai Accent 2008,MITHL NAGARI,NAVSARI
200,"90,000",2006,"97,000 km",80000 vale msg na krn,OTHIAN,AMRITSAR
201,"2,99,999",2011,"50,000 km",Brand new condition reliable car,MUNSHHIKERA,LUCKNOW
202,"7,88,000",2018,"57,000 km","Maruti Suzuki Ciaz Smart Hybrid Zeta, 2018, Diesel",CHEMBUR,MUMBAI
203,"9,50,000",2019,"18,000 km",Maruti Suzuki Ertiga 2019 Petrol Good Condition,ARNAI,ARANTHANGI
204,"43,500",2003,"80,000 km",Madol 2003,NEHIANWALA,GONIANA
205,"8,00,000",2008,"55,000 km",Mercedes Benz C-Class 2008 Diesel 55000 Km Driven,AVADI,CHENNAI
206,"6,50,000",2016,"90,000 km",Maruti Suzuki Swift Dzire 2016 Diesel 90000 Km Driven,PADMA NAGAR,KARIMNAGAR
207,"1,75,000",2009,"95,000 km","Hyundai Santro, 2009, Petrol",AHMEDPUR KALAN,BHOPAL
208,"6,11,000",2020,"8,400 km","Maruti Suzuki Swift LXI, 2020, Petrol",AMBIKA CITY,SRI GANGANAGAR
209,"5,78,000",2016,"61,000 km","Maruti Suzuki Ciaz 2014-2017 ZXi, 2016, Petrol",CHEMBUR,MUMBAI
210,ATURED,"₹ 3,",000,"2017 - 24,000 km",Maruti Suzuki Omni LPG BS-IV,2017
211,ATURED,₹ 11,",000","2017 - 58,000 km",Mahindra Scorpio S11,2017
212,ATURED,"₹ 2,",000,2008 - 68000.0 km,Toyota Corolla H3 1.8G,2008
213,"1,20,000",2007,"90,000 km",Maruti Suzuki SX4 2007 Petrol,MIDC ROAD,MUMBAI
214,"2,40,000",2010,"30,000 km",Maruti Suzuki Ritz 2010 Petrol,THRIPUNITHURA,KOCHI
215,"95,000",2006,"90,000 km",Maruti Suzuki Wagon R 1.0 2006 CNG & Hybrids 90000 Km Driven,BANKI,BARABANKI
216,"3,20,000",2018,"200,000 km",3 year fresh T permit car,TALOJA PANCHANAND,NAVI MUMBAI
217,"1,15,000",2012,"81,000 km",Ford Figo 2012 Petrol Good Condition,PERALAPURAM,ELAMPALLOOR
218,"8,40,000",2019,"24,500 km","Honda WR-V 2019 top end diesel, owner car, well maintained",HOSKOTE,BENGALURU
219,"1,49,000",2009,"69,000 km",Maruti Suzuki Wagon R Duo 2009 Petrol 69000 Km Driven,CHITRANSH NAGAR,BUDAUN
220,"1,99,999",2010,"46,400 km","Hyundai i20 2010-2012 1.2 Magna, 2010, Petrol",PITAMPURA,DELHI
221,"6,75,000",2014,"74,000 km","Hyundai Elantra 1.6 SX Option, 2014, Diesel",INDERLOK,DELHI
222,"3,50,000",2009,"78,700 km",GOOD CONDITION COROLLA,SAKET NAGAR,BHOPAL
223,"3,25,000",2018,"120,000 km",Maruti Suzuki Eeco 2018 CNG & Hybrids 120000 Km Driven,ZAKIR NAGAR,DELHI
224,"60,000",2010,"75,064 km",Hyundai @i10 @2010 @Petrol @Well @Maintained@,ULLAL BYRESHWARA NAGAR,BENGALURU
225,"1,29,000",2007,"120,000 km",Hyundai Verna 2007,SARAVANA NAGAR,KANCHEEPURAM
226,"2,85,000",2011,"72,000 km","Toyota Etios 1.5 VX, 2011, Petrol",CHEMBUR,MUMBAI
227,"5,25,000",2015,"78,000 km",Single Owner 8 Seater LODGY Diesel Engine,MARUTHINAGAR,VIJAYAWADA
228,"65,000",2002,"75,000 km",Full in good condition and new battery and with 12 mounth insurance,GOPAL NAGAR,ASANSOL MC
229,"5,00,000",2014,"85,000 km",Maruti Suzuki Ciaz 2014 Petrol Well Maintained,GOMTI NAGAR,LUCKNOW
230,ATURED,"₹ 6,",000,"2017 - 83,958 km",Maruti Suzuki Baleno 1.3 Delta,2017
231,ATURED,"₹ 9,",000,"2014 - 141,800 km",Hyundai Santa Fe 2WD AT,2014
232,ATURED,"₹ 3,",000,"2010 - 78,655 km",Maruti Suzuki Ritz VXi,2010
233,"58,000",2005,"70,000 km",Hyundai Santro Xing 2005 Petrol,SAMATA NAGAR,MUMBAI
234,"2,50,000",2012,"10,000 km",Maruti Suzuki Gypsy 2012 Petrol,CHANAKYA PLACE,DELHI
235,"2,39,000",2014,"24,251 km","Hyundai EON Era Plus, 2014, Petrol",SALTLAKE SECTOR 1,KOLKATA
236,"1,70,000",2012,"65,000 km",Hyundai EON 2012 Petrol Well Maintained,MANGO,JAMSHEDPUR
237,"1,40,000",2008,"70,000 km",Hyundai Verna 2008 Diesel 70000 Km Driven,TALOJA PANCHANAND,NAVI MUMBAI
238,"4,70,000",2013,"50,000 km",Want to sell it,KANKANI,SIJUA
239,"17,50,000",2020,"3,900 km",Mahindra XUV500 2020 Diesel Good Condition.,VEDVYAS,ROURKELA
240,"1,15,000",2009,"80,000 km",2009 covered ace,EDAYAR,KOCHI
241,ATURED,"₹ 4,",000,"2015 - 49,000 km",Hyundai i20 1.2 Spotz,2015
242,"5,11,000",2010,"355,000 km","Toyota Innova 2.5 G (Diesel) 8 Seater, 2010, Diesel",MORAGE BASTI,SHRIRAMPUR
243,"3,00,000",2012,"95,000 km",Top tip condition,AMROLI,SURAT
244,"4,50,000",2014,"123,000 km",Volkswagen CrossPolo 2014 FOR SALE.,MULINJA,UPPALA
245,"3,65,000",2014,"85,000 km","Volkswagen Polo 1.5 TDI Highline, 2014, Diesel",SION EAST,MUMBAI
246,"7,50,000",2017,"880,000 km",Mahindra Bolero Power Plus 2017,MANGAKDHAM,MALKAPUR KOLHAPUR DISTRICT
247,"96,000",2004,"94,000 km",Maruti Suzuki 1000 2004 Petrol Good Condition,KALUWAL,BEGOWAL
248,"1,77,000",2011,"14,000 km",Maruti Suzuki Alto K10 2011,YAKKARA,PALAKKAD
249,ATURED,₹ 17,",000","2017 - 17,000 km",Toyota Innova Crysta 2.8 GX AT 8S,2017
250,ATURED,"₹ 8,",000,"2018 - 17,000 km",Tata Nexon 1.5 Revotorq XZ Plus,2018
251,ATURED,"₹ 2,",000,2009 - 47000.0 km,Hyundai Getz Prime 1.3 GLS,2009
252,"90,000",2013,"82,000 km",Tata 2013 magic,CHAPRA,CHAPRA
253,"1,50,000",2010,"80,000 km",Hyundai i10 2010 Petrol,MANSA RAM PARK,DELHI
254,"3,40,000",2014,"65,000 km",Maruti Suzuki Swift Dzire 2014 Diesel Good Condition,ABHOIPURIA BONGALI,MORANHAT
255,"2,10,000",2010,"81,000 km",Maruti Suzuki Ritz 2010 CNG & Hybrids 81000 Km Driven,NIMTALA MOHALLA,PALWAL
256,"1,07,000",2011,"96,000 km",Tata Indigo Ecs 2011 Diesel Well Maintained,CHHEHARTA,AMRITSAR
257,"1,00,000",2013,"58,974 km",MARUTI SUZUKI CAR,SULTANPUR,DELHI
258,"65,000",2013,"55,000 km",Bast kandisan,KACHOLI,NAVSARI
259,"8,00,000",2020,"13,890 km",Maruti Suzuki Vitara Brezza 2020 Petrol Show room condition,PINDARI,RAMKOLA
260,"4,75,000",2017,"150,000 km",Hyundai Xcent 2017 Diesel Good Condition,THIRUVANNA MALAI,TIRUVANNAMALAI
261,"70,000",1997,"80,000 km",Maruti Suzuki 800,TAKOWBARI,NAGAON
262,"4,75,000",2016,"71,280 km",Hyundai i20 2016 Petrol Well Maintained,KARAKURAM,LEH
263,"3,25,000",2013,"38,000 km",Maruti Suzuki Swift vxi 2013 Petrol 38000 Km Driven,2ND MILE,SILIGURI
264,"1,75,000",2012,"74,000 km",Maruti Suzuki Alto K 10,AMBALA ROAD,SAHARANPUR
265,"2,90,000",2013,72 km,Volkswagen Polo 2013,DANDA UJJAIN,KASHIPUR
266,"4,27,777",2014,"97,000 km",Chevrolet Tavera 2014 Diesel 97000 Km Driven,MANJALPUR VILLAGE,VADODARA
267,"8,51,000",2012,"50,000 km","Audi A4 2.0 TDI, 2012, Diesel",SOUTH EXTENSION PART 1,DELHI
268,"1,50,000",2009,"70,000 km",Fait Linea,ZUBER COLONY,KALABURAGI
269,ATURED,"₹ 3,",000,"2010 - 73,000 km",Ford Endeavour,2010
270,ATURED,₹ 10,",000","2020 - 9,000 km",Hyundai Venue SX Opt Turbo,2020
271,ATURED,"₹ 5,",000,"2020 - 45,300 km",Maruti Suzuki Eeco 5 Seater AC,2020
272,"2,60,000",2015,"160,000 km",Maruti Suzuki Ritz 2015 CNG & Hybrids,VASHI,NAVI MUMBAI
273,"1,20,000",2005,"90,000 km",Honda City 2005 CNG & Hybrids,VAIDYA NAGAR,MUMBAI
274,"2,40,000",2009,"200,000 km",Maruti Suzuki Swift 2009 urgent sale,HAGARGA CROSS,KALABURAGI
275,"3,00,000",2013,"118,000 km",Maruti Suzuki Wagon R 2013,JAMMU UNIVERSITY,JAMMU
276,"1,05,000",2006,"63,000 km",Maruti Suzuki Alto 2006,DUNDUA,SAUNDA
277,"1,60,000",2006,"60,000 km",Maruti Suzuki Zen 2006 Petrol 60000 Km Driven,VIVEKANANDA NAGAR,SOMANDEPALLE
278,"1,60,000",2011,"85,000 km",Ladies used good condition ford figo,MARUTHOORKADAVU,THIRUVANANTHAPURAM
279,"5,00,000",2013,"70,000 km",Tata Safari 2013 Diesel,MUNICIPAL EMPLOYEES COLONY,BHOPAL
280,ATURED,"₹ 4,",000,"2015 - 32,000 km",Maruti Suzuki Swift VXI,2015
281,"2,30,000",2009,"55,000 km",Maruti Suzuki Swift Dzire 2009,BALA RAM NAGAR,BATHINDA
282,"1,25,000",2006,"95,000 km","Maruti Suzuki Alto, 2006, Petrol",TRICHY CITY,TIRUCHIRAPPALLI
283,"6,70,000",2020,"15,064 km","Honda Amaze, 2020, Petrol",BILHA,LUCKNOW
284,"6,79,000",2020,"5,914 km","Hyundai Grand i10 Nios, 2020, Petrol",BILHA,LUCKNOW
285,"5,60,000",2018,"59,527 km","Honda Amaze, 2018, Petrol",PREET COLONY,ZIRAKPUR
286,"3,90,000",2014,"52,053 km","Hyundai Verna, 2014, Petrol",NEW TOWN-ACTION AREA IID,KOLKATA
287,"3,90,000",2014,"52,053 km","Hyundai Verna, 2014, Petrol",SECTOR 3 BLOCK FA,BIDHANNAGAR
288,"4,30,000",2014,"135,598 km","Skoda Rapid, 2014, Diesel",NETAJI NAGAR,MUMBAI
289,ATURED,"₹ 9,",000,"2019 - 42,000 km",Maruti Suzuki Ertiga SHVS VDI,2019
290,ATURED,₹ 41,",000",2017 - 32000.0 km,Mercedes-Benz E-Class Exclusive E 200,2017
291,ATURED,₹ 14,",000","2017 - 48,585 km",Tata Hexa XT,2017
292,"39,000",2001,"120,000 km",Tata Indica 2001 Diesel,NAYAPURA,BHOPAL
293,"10,49,999",2017,"140,000 km",Tata Hexa 2017 Diesel,GOLLAPUDI,VIJAYAWADA
294,"1,85,000",2003,"13,500 km","Toyota Qualis FS B2, 2003, Diesel",POONAMALLEE,CHENNAI
295,"3,00,000",2015,"26,766 km","Hyundai EON, 2015, Petrol",HEBBAL,BENGALURU
296,"6,55,000",2016,"81,049 km","Hyundai Fluidic Verna 1.6 CRDi S, 2016, Diesel",DLF CITY,GURGAON
297,"5,99,999",2018,"23,000 km",Mahindra KUV 100 2018 Petrol 23000 Km Driven,RAJ KISHORE NAGAR,BILASPUR
298,"3,55,000",2012,"99,006 km","Honda Jazz, 2012, Petrol",HOUSING BOARD COLONY,HYDERABAD
299,"2,75,000",2013,"36,788 km","Hyundai i10, 2013, Petrol",DLF CITY,GURGAON
300,"2,95,000",2010,"75,000 km",Honda City ivtec 2010 Petrol Well Maintained,KAKOWAL,LUDHIANA
301,"3,20,000",2013,"63,298 km","Hyundai i10, 2013, Petrol",HEBBAL,BENGALURU
302,"2,55,000",2014,"54,560 km","Maruti Suzuki Alto 800 LXI, 2014, Petrol",PALAKKAD,KERALA
303,"4,70,000",2016,"110,378 km","Honda City, 2016, Diesel",RAJOURI GARDEN,DELHI
304,"1,10,000",2006,"60,000 km",Maruti Suzuki Wagon R 2006,TANDA 456,KANGRA
305,"2,75,000",2013,"68,000 km","Honda Amaze E Diesel, 2013, Diesel",ROHINI SECTOR 3,DELHI
306,"2,50,000",2012,"61,602 km","Chevrolet Spark, 2012, Petrol",RAJAJI NAGAR,BENGALURU
307,"3,00,000",2015,"26,766 km","Hyundai EON, 2015, Petrol",RAJAJI NAGAR,BENGALURU
308,"3,75,000",2011,"92,734 km","Toyota Etios, 2011, Petrol",RAJAJI NAGAR,BENGALURU
309,ATURED,₹ 31,",000","2020 - 18,000 km",Kia Carnival Prestige,2020
310,ATURED,"₹ 3,",600,"2017 - 81,632 km",Maruti Suzuki Celerio 2014-2017 VXI AT Optional,2017
311,ATURED,"₹ 1,",000,"2008 - 60,000 km",Hyundai i10 Magna,2008
312,"5,05,000",2014,"79,000 km",Maruti Suzuki Ertiga 2014 Petrol,MARINE LINES,MUMBAI
313,"4,60,000",2016,"40,000 km",Hyundai Grand i10 2016 Diesel,UNDAVALLI,VIJAYAWADA
314,"4,35,000",2013,"71,452 km","Maruti Suzuki Swift Dzire VDI, 2013, Diesel",CHEMBUR,MUMBAI
315,"2,80,000",2012,"99,000 km","Hyundai i10 Magna 1.2 iTech SE, 2012, Petrol",PUNE VIDYAPITH,PUNE
316,"1,45,000",2004,"112,000 km",Skoda in very good condition,KSFC LAYOUT,BENGALURU
317,"4,55,000",2017,"60,127 km","Hyundai Grand i10 Sportz 1.2 Kappa VTVT, 2017, Petrol",GOMTI NAGAR,LUCKNOW
318,"3,20,000",2013,"63,298 km","Hyundai i10, 2013, Petrol",RAJAJI NAGAR,BENGALURU
319,"4,50,000",2015,"80,000 km","Honda Jazz S Manual, 2015, Diesel",BADI HAIBOWAL,LUDHIANA
320,"3,15,000",2016,"61,000 km",Maruti Suzuki Omni 2016 LPG 61000 Km Driven,KUTHUS PURAM,TIRUPPUR
321,"1,80,000",2010,"70,000 km",Maruti Suzuki Omni 2010 LPG 70000 Km Driven,RAJIV NAGAR,SORAB
322,"3,00,000",2015,"26,766 km","Hyundai EON, 2015, Petrol",COCONUT GARDEN,BENGALURU
323,"6,40,000",2014,"87,659 km","Maruti Suzuki Ertiga, 2014, Diesel",COCONUT GARDEN,BENGALURU
324,"2,50,000",2012,"61,602 km","Chevrolet Spark, 2012, Petrol",COCONUT GARDEN,BENGALURU
325,"6,20,000",2013,"99,449 km","Renault Duster, 2013, Diesel",COCONUT GARDEN,BENGALURU
326,"3,75,000",2011,"92,734 km","Toyota Etios, 2011, Petrol",COCONUT GARDEN,BENGALURU
327,"3,20,000",2013,"63,298 km","Hyundai i10, 2013, Petrol",COCONUT GARDEN,BENGALURU
328,"8,65,000",2018,"14,648 km","Ford Ecosport, 2018, Diesel",COCONUT GARDEN,BENGALURU
329,ATURED,₹ 12,",000","2014 - 108,200 km",Honda CR-V 2.4 Automatic,2014
330,ATURED,"₹ 3,",000,"2018 - 60,000 km",Maruti Suzuki Alto K10 VXI,2018
331,ATURED,"₹ 6,",000,"2015 - 49,550 km",Hyundai i20 Active 1.4 SX,2015
332,"1,45,000",2010,"54,000 km",Hyundai i10 2010 CNG & Hybrids Good Condition,LAXMI NAGAR,DELHI
333,"2,60,000",2013,"75,688 km",Honda Amaze 2013 Diesel,BHIM NAGAR,BAHADURGARH
334,"3,75,000",2011,"92,734 km","Toyota Etios, 2011, Petrol",SHANKAR LINGA BADAWANE,MYSURU
335,"3,00,000",2015,"26,766 km","Hyundai EON, 2015, Petrol",SHANKAR LINGA BADAWANE,MYSURU
336,"6,40,000",2014,"87,659 km","Maruti Suzuki Ertiga, 2014, Diesel",SHANKAR LINGA BADAWANE,MYSURU
337,"2,50,000",2012,"61,602 km","Chevrolet Spark, 2012, Petrol",SHANKAR LINGA BADAWANE,MYSURU
338,"8,65,000",2018,"14,648 km","Ford Ecosport, 2018, Diesel",SHANKAR LINGA BADAWANE,MYSURU
339,"6,20,000",2013,"99,449 km","Renault Duster, 2013, Diesel",SHANKAR LINGA BADAWANE,MYSURU
340,"8,65,000",2018,"14,648 km","Ford Ecosport, 2018, Diesel",BABUSAPALAYA,BENGALURU
341,"6,40,000",2014,"87,659 km","Maruti Suzuki Ertiga, 2014, Diesel",BABUSAPALAYA,BENGALURU
342,"3,00,000",2015,"26,766 km","Hyundai EON, 2015, Petrol",BABUSAPALAYA,BENGALURU
343,"3,75,000",2011,"92,734 km","Toyota Etios, 2011, Petrol",BABUSAPALAYA,BENGALURU
344,"2,50,000",2012,"61,602 km","Chevrolet Spark, 2012, Petrol",BABUSAPALAYA,BENGALURU
345,"5,50,000",2011,"85,000 km",Ford Endeavour 2011 MT,BAYAVLI HILL LOWER,KOHIMA
346,"6,20,000",2013,"99,449 km","Renault Duster, 2013, Diesel",BABUSAPALAYA,BENGALURU
347,"3,20,000",2013,"63,298 km","Hyundai i10, 2013, Petrol",SHANKAR LINGA BADAWANE,MYSURU
348,"3,20,000",2013,"63,298 km","Hyundai i10, 2013, Petrol",BABUSAPALAYA,BENGALURU
349,ATURED,₹ 26,",001","2014 - 18,000 km",BMW Mini Others,2014
350,ATURED,"₹ 7,",000,"2014 - 76,000 km",Mahindra XUV500 W8 4WD,2014
351,ATURED,"₹ 4,",000,"2013 - 88,000 km",Hyundai Verna 2011-2014 1.6 SX VTVT (O),2013
352,"1,75,000",2008,"180,000 km",Tata Safari 2008 Diesel,KUTATOLI,RANCHI
353,"3,40,000",2011,"70,000 km",Maruti Suzuki Swift 2011 Diesel,RAKSHAK NAGAR,PUNE
354,"9,25,000",2018,"107,176 km","Hyundai Creta 1.6 SX Dual Tone, 2018, Diesel",SOUTH CITY,REWARI
355,"33,000",1996,"97,000 km","Old is Gold Maruti 800, 1996, very good condition",ITI JUCTION,MADIKERI
356,"6,55,000",2016,"81,049 km","Hyundai Fluidic Verna 1.6 CRDi S, 2016, Diesel",SOUTH CITY,REWARI
357,"2,00,000",2015,"20,000 km",Santro magna,MALSI,DEHRADUN
358,"2,75,000",2013,"36,788 km","Hyundai i10, 2013, Petrol",SOUTH CITY,REWARI
359,"4,55,000",2017,"60,127 km","Hyundai Grand i10 Sportz 1.2 Kappa VTVT, 2017, Petrol",HAZRATGANJ,LUCKNOW
360,ATURED,₹ 14,",000","2017 - 64,000 km",Jeep Compass 2.0 Limited,2017
361,"4,70,000",2016,"110,378 km","Honda City, 2016, Diesel",VASANT KUNJ,DELHI
362,"6,55,000",2016,"81,049 km","Hyundai Fluidic Verna 1.6 CRDi S, 2016, Diesel",RAJIV CHOWK,GURGAON
363,"3,55,000",2012,"99,006 km","Honda Jazz, 2012, Petrol",BALKAMPET,HYDERABAD
364,"60,000",2002,"90,000 km",Hyundai Santro 2002 Petrol 90000 Km Driven,JOR BANGALA,DARJEELING
365,"6,55,000",2016,"81,049 km","Hyundai Fluidic Verna 1.6 CRDi S, 2016, Diesel",SECTOR 37,GURGAON
366,"2,75,000",2013,"36,788 km","Hyundai i10, 2013, Petrol",RAJIV CHOWK,GURGAON
367,"2,75,000",2013,"36,788 km","Hyundai i10, 2013, Petrol",SECTOR 37,GURGAON
368,"16,50,000",2014,"64,000 km",Toyota Fortuner Diesel 64000 Km Driven,PILOR CITY,PHILLAUR
369,ATURED,"₹ 4,",000,"2014 - 104,000 km",Chevrolet Cruze LTZ,2014
370,ATURED,"₹ 3,",000,"2011 - 83,299 km",Toyota Etios Liva,2011
371,"3,45,000",2011,"39,400 km",NEXT TOO SHOWROO MINT CONDITION MANZA AURA+ QJET90 WITH 25KMPL IN EXCE,SATARA ROAD,BALAJINAGAR
372,"11,99,999",2011,"82,000 km",BMW 5 Series 2011 Diesel,SECTOR 91,MOHALI
373,"11,000",1 Bd, 1 Ba - 520 ft2,"1 bhk with covered car parking . Just renovated with painting , trolly",BHEKRAI NAGAR,PUNE
374,"3,00,000",2014,"76,000 km",Hyundai Grand I 10 Diesel 76000 Km Driven,MODEL TOWN,PANIPAT
375,"75,000",2007,"50,000 km",Maruti Suzuki 800 2007 Petrol Good Condition,MANESAR,GURGAON
376,"1,60,000",2013,"50,000 km",Maruti Suzuki 800 2013 Petrol Well Maintained,KANI PORA KALI DAR,KRAL PORA BADGAM DISTRICT
377,"14,00,000",2013,"106,000 km",Toyota Fortuner 2013 Diesel Well Maintained,SECTOR 2,ROHTAK
378,"1,20,000",2011,"80,000 km",Tata Indica V2 2011 Diesel Well Maintained,AMBEDKAR COLONY,PONNUR
379,"4,70,000",2018,"25,000 km",Tata Tiago NRG 2018 Petrol 25000 Km Driven Nri used for sale,KOLLAD,PANACHIKKAD
380,"3,75,000",2007,"47,568 km","Mahindra Others, 2007, Diesel",TRICHY CITY,TIRUCHIRAPPALLI
381,"5,75,000",2019,"13,000 km","Maruti Suzuki Swift LXI, 2019, Petrol",ANGAMALY,KERALA
382,"1,58,000",2018,"15,369 km","Other Brands Others, 2018, Petrol",TRICHY CITY,TIRUCHIRAPPALLI
383,"4,70,000",2009,"74,000 km","Mitsubishi Outlander 2.4 CVT, 2009, Petrol",ANAND VIHAR,DELHI
384,"2,85,000",2016,"33,650 km","Hyundai EON 1.0 Era Plus, 2016, Petrol",SETHI NAGAR,JABALPUR
385,"4,11,000",2015,"45,000 km","Maruti Suzuki Wagon R 1.0 VXi, 2015, Petrol",VEER SAVARKAR NAGAR,NASHIK
386,"33,00,000",2011,"75,000 km","Toyota prado Diesel VX, 2011, Diesel",LBS MARG-MULUND,MUMBAI
387,ATURED,"₹ 8,",000,"2018 - 27,537 km",Maruti Suzuki Ciaz,2018
388,ATURED,"₹ 3,",000,"2013 - 82,000 km",Volkswagen Polo 2009-2013 IPL II 1.6 Petrol Highline,2013
389,ATURED,₹ 13,",000","2012 - 40,000 km",Audi A4 35 TDI Premium Plus,2012
390,"79,000",2008,"36,000 km",Chevrolet Aveo U-VA 2008 Petrol,MIRA ROAD,MUMBAI
391,"8,97,000",2019,"10,100 km",Maruti Ertiga top model zxi + 2019 Petrol,MARUTI KUNJ,GURGAON
392,ATURED,"₹ 7,",000,"2017 - 32,184 km",Maruti Suzuki Swift Dzire AMT ZXI Plus,2017
393,ATURED,"₹ 3,",000,"2011 - 80,000 km",Volkswagen Vento 1.5 TDI Trendline,2011
394,ATURED,"₹ 2,",000,"2013 - 36,000 km",Maruti Suzuki Zen Estilo LXI BS IV,2013
395,"1,55,000",2007,"160,000 km",Maruti Suzuki SX4 2007 CNG & Hybrids,MANDA DUNGAR,RAJKOT
396,"7,10,000",2020,"20,000 km",Maruti Suzuki Swift Dzire 2020 Petrol,CURREY ROAD,MUMBAI
397,"4,35,000",2015,"44,000 km","Hyundai Grand i10 Asta 1.2 Kappa VTVT, 2015, Petrol",ANDHERI WEST,MUMBAI
398,"6,35,000",2019,"11,000 km","Hyundai i20 1.4 Era, 2019, Petrol",ANDHERI WEST,MUMBAI
399,"4,85,000",2014,"95,000 km","Honda Amaze S Diesel, 2014, Diesel",SAIBABA COLONY,COIMBATORE
400,"2,95,000",2011,"85,000 km","Maruti Suzuki SX4 2007-2012 ZXI MT BSIV, 2011, Petrol",BANDRA WEST,MUMBAI
401,"2,35,000",2009,"69,000 km","Hyundai i20 2009-2011 Magna, 2009, Petrol",PADMANABHPUR,DURG
402,"3,25,000",2019,"38,000 km","Maruti Suzuki Alto 800 LXI, 2019, Petrol",MALAPPURAM UP HILL,MALAPPURAM
403,"5,04,000",2018,"55,000 km",Baleno 2018,BUDH BAZAR,MORADABAD
404,"1,69,000",2009,"72,000 km",Hyundai i10 Sportz CNG 2009,BUDH BAZAR,MORADABAD
405,"10,50,000",2015,"50,000 km","Toyota Corolla Altis GL, 2015, Petrol",KAKKANAD,KOCHI
406,"4,50,000",2010,"110,000 km","Mahindra Bolero 2001-2010 SLE, 2010, Diesel",SAIBABA COLONY,COIMBATORE
407,"5,51,000",2015,"72,000 km","Ford Ecosport 1.5 Diesel Titanium, 2015, Diesel",SG HIGHWAY,AHMEDABAD
408,"3,75,000",2019,"44,000 km","Maruti Suzuki Alto K10 VXI, 2019, Petrol",NARANPURA,AHMEDABAD
409,"21,50,000",2013,"60,000 km","BMW 5 Series 520d, 2013, Diesel",KODAMBAKKAM TRUSTPURAM,CHENNAI
410,"5,35,000",2018,"21,000 km","Maruti Suzuki Swift VXi + Manual, 2018, Petrol",NEW GURGAON,GURGAON
411,ATURED,"₹ 6,",999,"2019 - 22,307 km",Hyundai Elite i20 Sportz 1.2 OPT,2019
412,ATURED,₹ 25,",000","2017 - 60,000 km",BMW X1 xDrive 20d xLine,2017
413,ATURED,"₹ 9,",000,"2018 - 80,000 km",Honda City i-VTEC V,2018
414,"5,00,000",2013,"40,000 km",Skoda Rapid 2013 Petrol 40000 Km Driven,SUBHASH NAGAR,MYSURU
415,"3,20,000",2012,"120,000 km",Maruti Suzuki Swift Dzire 2012 Diesel,GOPAL NAGAR,DELHI
416,"25,00,000",2015,"86,000 km","Mercedes-Benz New C-Class C 200 AVANTGARDE, 2015, Petrol",PALARIVATTOM,KOCHI
417,"2,60,000",2013,"54,000 km","Maruti Suzuki Ritz VXi, 2013, Petrol",ANAND VIHAR,DELHI
418,"58,000",2000,1 km,"Maruti Suzuki Zen LX, 2000, Petrol",CALICUT AIRPORT,KOZHIKODE
419,"1,45,000",2008,1 km,"Ford Fiesta 2004-2010 1.4 Duratec ZXI, 2008, Diesel",CALICUT AIRPORT,KOZHIKODE
420,"35,00,000",2021,"4,800 km","Ford Endeavour Titanium Plus 4x4 AT, 2021, Diesel",JAFFARKHANPET NETAJI NAGAR,CHENNAI
421,"5,68,700",2016,"92,546 km","Hyundai i20 1.4 Sportz, 2016, Diesel",SECTOR 8C,CHANDIGARH
422,"2,45,000",2014,"45,000 km","Fiat Punto Dynamic 1.3, 2014, Diesel",SARITA VIHAR,DELHI
423,"4,97,000",2017,"17,000 km","Volkswagen Ameo 1.2 MPI Comfortline, 2017, Petrol",NURANI,PALAKKAD
424,"4,60,000",2017,"29,000 km","Maruti Suzuki Celerio ZXI Optional MT, 2017, Petrol",SULTANPET,PALAKKAD
425,"7,35,000",2016,"98,000 km","Maruti Suzuki S Cross, 2016, Diesel",VADAPALANI,CHENNAI
426,"5,75,000",2013,"120,000 km","Renault Duster 110PS Diesel RxZ, 2013, Diesel",GANDHIPURAM,COIMBATORE
427,"3,90,000",2016,"66,000 km","Tata Zest AMT Quadrajet 1.3 XTA, 2016, Diesel",SG HIGHWAY,AHMEDABAD
428,"6,00,000",2011,"89,000 km","Toyota Innova 2.5 V 8 STR, 2011, Diesel",TRANSPORT NAGAR,INDORE
429,"7,77,000",2011,"101,281 km","Toyota Fortuner 3.0 4x4 Manual, 2011, Diesel",NANA VARACHHA,SURAT
430,"2,35,000",2014,60463.0 km,"Mahindra Quanto C8, 2014, Diesel",NANA VARACHHA,SURAT
431,ATURED,"₹ 5,",000,"2012 - 69,000 km",Toyota Corolla Altis 1.8 Sport,2012
432,ATURED,"₹ 1,",101,"2011 - 18,127 km",Chevrolet Beat 2010-2013 Diesel LS,2011
433,"1,80,000",2011,"90,000 km",Maruti Suzuki Wagon R 2011 CNG & Hybrids,AKASH VIKASH COLONY,HAPUR
434,"8,50,000",2011,"90,000 km",Audi A6 2011 Petrol,NATHUPURA,DELHI
435,"7,80,000",2018,"71,000 km","Toyota Etios 1.4 VXD, 2018, Diesel",AYYANTHOLE,THRISSUR
436,"6,11,000",2018,"27,000 km","Hyundai i20 Magna Plus Diesel, 2018, Diesel",CHIKU VADI,SURAT
437,"1,11,000",2008,"51,000 km","Chevrolet Spark 1.0 LS, 2008, CNG & Hybrids",KHARGHAR,NAVI MUMBAI
438,"4,00,000",2014,"70,000 km","Maruti Suzuki Swift VDI, 2014, Diesel",PITAMPURA,DELHI
439,"7,25,000",2018,"49,000 km","Maruti Suzuki Ciaz Alpha Automatic, 2018, Petrol",PYKARA,MADURAI
440,"2,80,000",2016,"22,150 km","Maruti Suzuki Alto 800 LXI, 2016",PALARIVATTOM,KOCHI
441,"2,80,000",2015,"17,400 km","Maruti Suzuki Alto 800 LXI, 2015",PALARIVATTOM,KOCHI
442,"3,50,000",2010,"170,000 km","Mahindra Xylo 2009-2011 D2 BS IV, 2010, Diesel",KOKKIRAKULAM,TIRUNELVELI
443,"1,55,000",2010,"95,035 km","Maruti Suzuki Alto LXi, 2010",PALARIVATTOM,KOCHI
444,"90,000",2006,"56,139 km","Maruti Suzuki Alto LXi, 2006",PALARIVATTOM,KOCHI
445,"3,85,000",2020,"13,846 km","Maruti Suzuki Alto 800 VXI, 2020",PALARIVATTOM,KOCHI
446,"3,45,000",2010,"98,000 km","Chevrolet Cruze 2010-2011 LT, 2010, Diesel",GOVINDPURA,BENGALURU
447,"6,71,000",2011,"71,000 km","BMW X1 2010-2012 sDrive20d, 2011, Diesel",SOUTH EXTENSION PART 1,DELHI
448,"4,70,000",2014,"38,000 km","Renault Duster 85PS Diesel RxL, 2014, Diesel",PITAMPURA,DELHI
449,"1,30,000",2010,"80,890 km","Maruti Suzuki Alto LXi, 2010, Petrol",KOTTAM,ETTUMANOOR
450,ATURED,"₹ 5,",000,"2013 - 82,000 km",Toyota Innova 2.5 GX (Diesel) 7 Seater,2013
451,ATURED,"₹ 2,",000,"2011 - 65,000 km",Chevrolet Beat 2010-2013 Diesel LT Option,2011
452,ATURED,₹ 29,",000","2018 - 98,700 km",Mercedes Benz C-Class,2018
453,"1,20,000",2011,"20,000 km",Tata Manza 2011 Diesel,SECTOR 7,NOIDA
454,"19,29,000",2019,"24,000 km",MG Hector Top End Automatic,SAINIKPURI,HYDERABAD
455,"2,90,000",2016,"37,425 km","Maruti Suzuki Omni 8 Seater BSIV, 2016, Petrol",POONAMALLEE VARADHARAJAPURAM NEAR NAZARATHPETTAI,CHENNAI
456,"75,000",2007,"141,615 km","Maruti Suzuki 800 AC, 2007",PALARIVATTOM,KOCHI
457,"14,69,000",2018,"39,000 km","Isuzu D-Max V-Cross High (Z), 2018, Diesel",SECTOR 19C,CHANDIGARH
458,"5,90,000",2011,"89,990 km","Volkswagen Jetta 1.9 Highline TDI, 2011, Diesel",SECTOR 19C,CHANDIGARH
459,"5,40,000",2019,"43,225 km","Maruti Suzuki Swift Dzire LDI, 2019, Diesel",GIRI NAGAR,BENGALURU
460,"5,75,000",2019,"13,000 km","Maruti Suzuki Swift Dzire LDI, 2019, Diesel",GIRI NAGAR,BENGALURU
461,"1,00,000",2009,"105,000 km",Maruti Suzuki Alto 2009,RANGBARI,KOTA
462,"8,25,000",2018,"78,000 km",Renault Captur 2018 Diesel 78000 Km Driven,THIRUNINDRAVUR KANYAPAN NAGAR,CHENNAI
463,"2,80,000",2009,"50,852 km",Fiat Linea 2009 Diesel Well Maintained,MUKARAM PURA,KARIMNAGAR
464,"2,15,000",2010,"82,000 km","Maruti Suzuki Ritz 2009-2011 LDi, 2010, Diesel",DEONAR,MUMBAI
465,"3,69,000",2010,"83,000 km",Maruti Suzuki Swift 2010 Well Maintained,KUKATPALLY,HYDERABAD
466,"1,85,000",2012,"79,000 km",WagonR Lxi 2012 Petrol,WEST RAM NAGAR,SONIPAT
467,"5,65,000",2016,"56,000 km","Honda BR-V i-DTEC S MT, 2016, Diesel",ROHINI SECTOR 3,DELHI
468,"78,000",2004,"854,329 km",Hindustan Contessa 2004 Diesel 854329 Km Driven,THATHANGUDI,THATHANKUTTAI NAGAPATTINAM DISTRICT
469,"2,70,000",2018,"50,000 km",Alto K10 July 2018 Petrol Good Condition,KNOWLEDGE PARK II,GREATER NOIDA
